text,label,notes,source_url,created_at,symbols
"$ASTS 📋📋📋📋📋 📝📈ASTS: SpaceX Drawdown Triggers Dip Buying Opportunity - FY2027 Monetization Inflection (Rating Upgrade)📝📈 ⬆️ASTS is upgraded to a cautious Buy after the much needed -39% correction, aided by the great insights offered by the 200 DMA/uptrend support established since mid 2025. ⬆️ASTS accelerates satellite launches, targeting 45 BlueBirds in orbit by year-end while leveraging the strong $3.5B cash position to fund over 100 satellites. ⬆️With $1.2B in contracted revenue and major global operator partnerships, the management confidently guides for recurring revenues approaching $1B in FY2027. ⬆️Despite the near-term cash burn and dilution risks, ASTS' high growth commercialization prospects are compelling indeed, aided by the potential breakthrough of SPCX's current monopoly. ⬆️Thanks to the drawdown post SPCX IPO, ASTS now trades at a more compelling FY2027 EV/Sales of 24.64x, justified by the 5Y revenue growth prospects at CAGR of +117.8%. (See below for article)",evidence_analysis,Borderline with hype or risk; kept as evidence_analysis because it gives concrete reasoning beyond the conclusion.,https://stocktwits.com/message/656960494,2026-06-20T00:55:39Z,ASTS
"$ASTS fundamentals are locking into place. The Launch Pipeline is Active: The successful BlueBird 8, 9, and 10 orbital deployment on the Falcon 9 keeps the timeline firmly on track. BlueBirds 11, 12, and 13 are already packing for the next launch, with production secured all the way through satellite 37. Management just reiterated its 2026 revenue guidance of $150–200M. Backed by a massive $1.2B contracted commercial backlog, financials are on schedule. Monetizing 3 Billion Users: Tier-1 network deals with $T, $V, and $VOD give ASTS immediate, turnkey market access to over half the world's mobile subscribers without spending a dime on user acquisition. The FCC commercial direct-to-device authorization is fully approved. Backed by $3.5B in rock-solid liquidity, ASTS is entirely funded to build out its full 45-satellite constellation by early 2027. Government Backing: Beyond consumer telcos, the $30M SDA prototype contract opens up highly lucrative defense and military revenue channels.",evidence_analysis,,https://stocktwits.com/message/656894195,2026-06-18T19:25:03Z,ASTS|T|V|VOD
"@Backprop I have posted thousands of post in the last 3 weeks. The key is $ASTS needs 90 sats for Continuous US coverage. $ASTS has massively diluted and doesn't have enough money to get to 45 sats which is the minimum for service. They have no plan to get to 45 sats now. They won't get to 45 this year as stated and they are already 3 years behind the S1. $SPCX is moving forward with starship. When Starship enters commercial service it will deliver up to 60 Starlink V3 sats per launch. $SPCX has its own frequencies to offer service direct to cell. They can also use $TMO bandwidth and $T and $VZ can break their contract with $ASTS at any time for no cost and go with starlink. $ASTS has massive debt and more dilution ahead. The real death nail is each sat in orbit assuming a 40ghz band can only handle about 83 users at full speed at a time. It will be a month before we find out if BB 8,9.10 work and that would be 4 Block 2 sats so about 320 users lol 30B market cap",evidence_analysis,Borderline with hype or risk; kept as evidence_analysis because it gives concrete reasoning beyond the conclusion.,https://stocktwits.com/message/656893468,2026-06-18T19:20:16Z,ASTS|SPCX|TMO|T|VZ
"$GPUS $SPCE $SPCX $SRXH $2.5 billion over 20 years breaks down like this: $125 million per year, $10.4 million per month, $2.4 million per week, or about $342,000 per day. Total shares outstanding are 461.6 million with only a 13.28% float (about 61M shares). ￼ Now back to your valuation question — 2025 revenue came in at $102M but they lost $75M on the year, and losses are growing. ￼ So the $2.5B contract math would be a massive game-changer if real. At $125M/year in new revenue on top of existing revenue, and using even a conservative 5x P/S multiple on $227M combined revenue, you’d be looking at a ~$1.1B market cap. With 461M shares that’s roughly $2.40 per share — about 5x from here. At a 10x multiple it’s closer to $5.",evidence_analysis,Borderline with hype or risk; kept as evidence_analysis because it gives concrete reasoning beyond the conclusion.,https://stocktwits.com/message/656778655,2026-06-17T22:33:32Z,GPUS|SPCE|SPCX|SRXH
"$SPCX People keep talking about Tesla merging with SpaceX like it’s some kind of master plan. The truth is Musk already has all the flexibility he needs without ever combining them. He can shift his own capital, talent, and resources across his companies whenever he wants — it already functions like a mini-Berkshire Hathaway, just with rockets, EVs, satellites, AI, and robotics instead of insurance and railroads. They’re entrenched together because the missions overlap, the tech overlaps, and Musk sits at the center of all of it. But they should never be entwined together. A merger would create valuation chaos, regulatory cross‑contamination, national‑security conflicts, shareholder warfare, and nonstop accusations of corruption — real, implied, or assumed. Keeping Tesla, SpaceX, Starlink, xAI, and the rest separate is what protects them. Musk already gets the benefits of coordination without the liabilities of merging. Why change this structure. $SPCX, $TSLA, $ARKX & $SPCE",evidence_analysis,,https://stocktwits.com/message/656479947,2026-06-15T16:40:34Z,SPCX|TSLA|ARKX|SPCE
"$ASTS Can't predict Monday or next week, but one thing I do know... those ppl (AST) are furiously mfg satellites, and they're going to hitch a ride no matter what because the 'tech' warrants its existence. They are not dummies, New Glenn blowing up does not leave them without alternatives. SpaceX still needs income, and is obligated by virtue of so much gvmt work to have open contracts to others, for the use. It's been posited that AST has already excercised ALL of their SpaceX launches for 2026, that can be inferred from documents as 5 more rockets. That it does not meet the guidance given earlier is irrelvent, things change/adjust to new stimuli. The fact is there will beat least 20-something BB's in space before 2026 is over and there's no going back... this is literally the development of 'business' before your eyes. And btw, check the active AST webpage for an appreciation for the size of the ""Bluebird footprint'. (they're grouped for testing now) https://www.bluebird-tracker.space/",evidence_analysis,Borderline with hype or risk; kept as evidence_analysis because it gives concrete reasoning beyond the conclusion.,https://stocktwits.com/message/656953332,2026-06-19T19:43:07Z,ASTS
"$LUNR quietly dropped some real news this week. On June 15, Governor Wes Moore announced Intuitive Machines is expanding into a 69,000 sq ft facility at BWI Tech Park in Maryland — and doubling its local workforce. Why it matters: This is the same team that built the robotics and mechanisms for IM-1 and IM-2 — now working on IM-3 They're also producing the technology for Altus, IM's first data relay satellite — which will launch on the same rocket as IM-3 Altus + the expanded ground station network = direct buildout of the space network supporting the NSN contract and Artemis This isn't a flashy press release chasing headlines. It's infrastructure expansion, workforce growth, and physical manufacturing capacity — the kind of quiet execution that doesn't show up in a single day's stock move but compounds over quarters. the NSN backbone, CLPS missions, and the broader ""lunar infrastructure prime"" story are still moving forward $LUNR 🚀",evidence_analysis,Borderline with hype or risk; kept as evidence_analysis because it gives concrete reasoning beyond the conclusion.,https://stocktwits.com/message/656799612,2026-06-18T05:49:54Z,LUNR
"$ASTS News: They solved stacking for block2, put 3 new sats into orbit, are essentially ready to ship the next 3, are in the running for a big contract with Japan, are testing capabilities for golden dome as we speak. Remaining questions: unfurling new composite design, what additional partners are they going to use this year to launch? When do they start seeing milestone payments from partners? When do they hit threshold for initial commercial service? Will they ever make an actual mistake instead of just crushing it every time they do something? When does Japan announce they prefer ASTS over SPCX and will bears actually manage to process that insanely bullish news as it is clearly priced in that SpaceX will get the contract?",evidence_analysis,Borderline with hype or risk; kept as evidence_analysis because it gives concrete reasoning beyond the conclusion.,https://stocktwits.com/message/656867130,2026-06-18T16:41:11Z,ASTS
$ASTS 155$ imminent here To all the Frustrated retailers out there Last week downside started on June 12 was all about mechanics forces Last run from 60 to 135 Was accompanied by A gamma squeeze forcing the MM to buy more shares to cover Starting June 1 the gamma force tern against the stock!!! Due to incoming sell the news events (SpaceX ipo & the launch) Now the MM start Reverse gamma process Forcing the MM to sell shares Because the price drop on sell the news events. Our company is very very solid And we have new incoming events that will renew the gamma process once moe,evidence_analysis,Borderline with hype or risk; kept as evidence_analysis because it gives concrete reasoning beyond the conclusion.,https://stocktwits.com/message/656934336,2026-06-19T09:22:27Z,ASTS
"$LUNR For everyone who missed it — $LUNR quietly made a big move this week. They expanded their Maryland facility, doubled headcount, and confirmed they're now producing components for IM-3 and their first data relay satellite, Altus — set to launch on the same rocket. This is direct execution on the $4.82B NSN cislunar contract. Companies don't scale physical manufacturing like this for work they think might not happen. The LTV loss got the headlines. This didn't. But long-term, it might matter more.",evidence_analysis,Borderline with hype or risk; kept as evidence_analysis because it gives concrete reasoning beyond the conclusion.,https://stocktwits.com/message/656809410,2026-06-18T11:30:45Z,LUNR
"SpaceX criticized the European Union’s proposal for allocating satellite spectrum, arguing it could undermine the expansion of its Starlink services following its record IPO. The European Commission plans to offer one-third of its 2 GHz frequency band to non-EU companies, while reserving the rest for bloc-based operators, effectively limiting foreign firms from directly providing satellite services to European governments. SpaceX warned that the rules could leave Europe without effective direct-to-device satellite connectivity, as such services become more affordable with the expansion of Starlink’s satellite network. The company noted that US firms, including SpaceX and AST Spacemobile Inc., currently rely on partnerships with European telecom operators due to lack of spectrum rights. According to SpaceX, the proposed framework would split usable spectrum into “practically unusable subdivisions” and may conflict with international regulations and Europe’s economic realities. $SPCX $ASTS",evidence_analysis,,https://stocktwits.com/message/656957438,2026-06-19T22:20:14Z,SPCX|ASTS
"Morningstar: Space-related ETFs have attracted $1.3B in new cash in the last month alone, pushing total assets under management in the ‌embryonic segment to $3.3B ""We tend to see this happen whenever something new and shiny appears on the scene"" $NASA has accumulated more in assets in the 7 weeks since its launch than the $972M $UFO has in the 7 years since its debut 2/3rds of the inflows into UFO ETF have come in the last 12 months & ‌20% in the last month alone - UFO was labeled the worst ETF launch ​of the year by Morningstar in 2019 but now has posted a +49% YTD & a 1-year gain of +133.6% $WARP & $DIPR which debuted only a day apart at the beginning of May, together have already pulled in $13.6M in assets Reuters analysis of the largest ​holdings of the 7 existing pure-play space ETFs shows that all of ‌them include the same 4 stocks, including $RKLB in their top 10 holdings, & that all of them have an overlap of 50% or more in the list ​of their holdings",evidence_analysis,,https://stocktwits.com/message/654173202,2026-05-22T14:51:00Z,NASA|UFO|WARP|DIPR|RKLB
"PickAlpha Midday: SpaceX received investment-grade credit ratings from all three major agencies ahead of a planned $20B+ bond offering. Moody’s rated the company Baa1, Fitch assigned BBB+, and S&P gave it BBB. The proceeds are expected to refinance existing debt following the company’s record IPO. Tickers: $SPCX $RKLB $IRDM Our view is the story isn’t the bond sale — it’s the rating. Investment-grade status officially moves SpaceX into a different category of company: critical infrastructure rather than speculative growth. Between Starlink’s cash generation, dominant launch economics, and deep ties to NASA and the Department of Defense, credit markets are signaling that SpaceX is becoming one of the most strategically important industrial assets in the world.",evidence_analysis,Borderline with hype or risk; kept as evidence_analysis because it gives concrete reasoning beyond the conclusion.,https://stocktwits.com/message/656913839,2026-06-18T21:44:22Z,SPCX|RKLB|IRDM
"$SPCX now sitting around a ~$2.5T valuation footprint - yet capital flow here looks increasingly saturated. Hard to see outsized upside from this point in the cycle. On the other side, $RKLB stands out as one of the cleanest Space pure-plays with real operating leverage to the sector, not just broad exposure. Still ~30% off ATH, but price structure is tightening after holding the $103 support zone. If momentum continues, next major liquidity area sits near $180. In a crowded space theme, RKLB remains one of the few names where risk/reward is still asymmetric.",evidence_analysis,Borderline with hype or risk; kept as evidence_analysis because it gives concrete reasoning beyond the conclusion.,https://stocktwits.com/message/656833939,2026-06-18T14:01:19Z,SPCX|RKLB
HOUR stock can 10X from here - most undervalued penny stock in the market - 1.8M float with zero dilution - did 143M in revenue last year with around $2M in net profit (doing the best numbers since they went public ) - insiders have never sold (even when this hit 7+) and the top two holders both own around 17M shares and are incentivized to boost numbers again this year $SPCE ww,evidence_analysis,Borderline with hype or risk; kept as evidence_analysis because it gives concrete reasoning beyond the conclusion.,https://stocktwits.com/message/656757201,2026-06-17T19:39:35Z,SPCE
$ASTS Near term catalysts: 1. Japan J-LEO Decision — End of June 2026 2. Satellite Launches — Ongoing (next batches 2026) 3. Q2 Earnings — Early/Mid August 2026 4. Rakuten Japan Service Launch — Q4 2026 5. U.S. Commercial Service Start — Late 2026,evidence_analysis,,https://stocktwits.com/message/656888775,2026-06-18T18:50:13Z,ASTS
2/8: SpaceX extends post-IPO surge; market cap briefly tops Microsoft intraday and closes above Amazon as float stays tight ahead of index adds and options/levered ETFs launch. $IPO $QQQ $SPY $ARKX $MSFT,evidence_analysis,,https://stocktwits.com/message/656680105,2026-06-17T12:00:25Z,IPO|QQQ|SPY|ARKX|MSFT
$SPCE its crazy virgin galactic had all time high of 21 bil dollar market cap. Currently 345 million. So why did go thag high its bec they were actually launching spaceflight a d generating revenue. It seems they are starting up again with a new space vehicle and more customers can get on it. I am holding 5000 shares but if the rally comes back again and we see a 10 bil mkt cap at least. Thats a 100$ stock $tslA $spcX $rklB $ spy,evidence_analysis,Borderline with hype or risk; kept as evidence_analysis because it gives concrete reasoning beyond the conclusion.,https://stocktwits.com/message/656768931,2026-06-17T20:47:18Z,SPCE|TSLA|SPCX|RKLB
"$ASTS is approaching a key confluence zone where the trendline and the 200DMA align around $80.47. This type of overlap often becomes a high-interest area for buyers because multiple technical levels cluster together. If price reaches that zone, it could present a strong reaction point, but confirmation still depends on how price behaves once it gets there. At this stage, it’s a potential high risk-reward setup, not a guaranteed opportunity yet.",evidence_analysis,Borderline with hype or risk; kept as evidence_analysis because it gives concrete reasoning beyond the conclusion.,https://stocktwits.com/message/656855889,2026-06-18T15:40:39Z,ASTS
"$OPEN I was laughing at Mihalis because he sold for losses here just to reallocate to $SPCE and lose everthing 🤪. But know I feel like a jestermaxxing fool for losing big on $SPY 0DTE's yesterday, then chasing those losses today and losing even more money. I fucking hate options, but I am too poor to make shares worthwhile here.",evidence_analysis,Borderline with hype or risk; kept as evidence_analysis because it gives concrete reasoning beyond the conclusion.,https://stocktwits.com/message/656770400,2026-06-17T21:01:36Z,OPEN|SPCE|SPY
"@TalkMarkets $UFO is most certainly NOT a space pure play. The 6 gigantic defense prime contractors / commercial aerospace companies derive only a tiny % of their revenue from space. And Garmin amd SiriusXM are not even “space” companies. Instead, try $NASA or $MARS if you don’t want your space ETF to be diluted by non-space things.",evidence_analysis,,https://stocktwits.com/message/650691046,2026-04-18T19:34:17Z,UFO|NASA|MARS
"$ASTS To reach the target (36 more satellites) by the end of the year, SpaceX would need to conduct a launch carrying three ASTS satellites every two weeks—since I don't think Blue Origin will be launching anything this year. However, the planned launch intervals are much longer, so the timeline will likely slip.",evidence_analysis,,https://stocktwits.com/message/656859699,2026-06-18T16:00:08Z,ASTS
"$ASTS ok, here's an explanation for today: Looks like we had a ton of June expiry options ($75, $80, $85) which people were playing BB8-10 launch and the SpaceX IPO. The swift move down this AM caused dealers to net sell ~1.3M shares very quickly exacerbating the move.",evidence_analysis,Borderline with hype or risk; kept as evidence_analysis because it gives concrete reasoning beyond the conclusion.,https://stocktwits.com/message/656926301,2026-06-19T01:32:51Z,ASTS
"$ASTS honestly, we should be at about 70% of SpaceX's valuation since Starlink makes up 70% of their revenue and respectfully we will be better than Starlink. So once market corrects SpaceX's valuation to $1 trillion, we will be at $700 billion in no time! Keep investing!!!",evidence_analysis,Borderline with hype or risk; kept as evidence_analysis because it gives concrete reasoning beyond the conclusion.,https://stocktwits.com/message/656867176,2026-06-18T16:41:25Z,ASTS
"$ASTS bulls are incredibly enraged because there is now a clearly superior stock on the market that is pumped 1000x vs their little satellite company. SpaceX is here to stay and until they get to a realistic valuation, we will continue to see AST mobile sell off too.",evidence_analysis,Borderline with hype or risk; kept as evidence_analysis because it gives concrete reasoning beyond the conclusion.,https://stocktwits.com/message/656942428,2026-06-19T14:34:09Z,ASTS
$ASTS correction: “SpaceX’s Starlink is strictly partnered with T-Mobile” FOR NOW! T-Mobile’s exclusivity with SpaceX ends in about one month and they’ve already joined AT&T and Verizon for space based cell service (and guess who the satellite service is with?),evidence_analysis,,https://stocktwits.com/message/656962235,2026-06-20T02:39:21Z,ASTS
"$ASTS upgraded to Buy with a $103/share target, driven by imminent commercial operations and robust satellite deployment plans. ASTS expects to achieve continuous coverage across key markets by late 2026 or early 2027, with 45 satellites in orbit and global expansion to follow.",evidence_analysis,Borderline with hype or risk; kept as evidence_analysis because it gives concrete reasoning beyond the conclusion.,https://stocktwits.com/message/656851870,2026-06-18T15:20:24Z,ASTS
"$UFO $NASA While the exact percentage fluctuates daily based on market performance and fund rebalancing, recent data indicates the weight of the SpaceX SPV exposure in the NASA ETF is approximately 8.7% to 9.6%.",evidence_analysis,,https://stocktwits.com/message/654478602,2026-05-27T13:12:48Z,UFO|NASA
"https://www.youtube.com/watch?v=VR353cDvcpQ Trading Trends 1/16/26 TODAY, Real Estate & Semis Add 1% while China & Copper Lose 2%; New ATH for $XLI, $EWY, $SMH, $SHLD, $ARKX THIS WEEK Characterized by ~7% Rallies in Silver, Uranium & Ethereum By John Salama, CMT Top Standard Deviation (Surprise) Moves of the Day Sorted by Multiple Sigma Move Gainers: +1.0% IYR (US Real Estate Ishares ETF) +1.6% SOXX (Semiconductor Ishares ETF) [NEW ALL TIME HIGH] +1.7% ARKX (Ark Space Exploration & Innovation ETF) [NEW ALL TIME HIGH] Losers: -1.9% FXI (China Largecap Ishares ETF) -2.7% CPER (US Copper) Top 3 Gainers of the Past 5 Days: +10.9% SLV (Silver Trust Ishares) +7.4% URA (GX Uranium ETF) +6.7% ETHA (Ishares Ethereum Trust ETF) Top 3 Losers of the Past 5 Days: -5.7% IGV (North American Tech-Software Ishares ETF) -3.0% UNG (US Natural Gas Fund) -2.1% XLC (S&P 500 Communication Sector SPDR) Top 3 Trades of the Past 5 Days: LONG SLV LONG URA LONG ETHA Top 3 Trades of the Past 52 Weeks: LONG SLV +186% LONG GDX +164% LONG EWY +104%",evidence_analysis,Borderline with hype or risk; kept as evidence_analysis because it gives concrete reasoning beyond the conclusion.,https://stocktwits.com/message/642091095,2026-01-16T18:42:54Z,XLI|EWY|SMH|SHLD|ARKX
"$ASTS The chances of AST SpaceMobile winning Japan's $1 billion J-LEO award by the end of June 2026 are considered high, with their Rakuten Mobile-backed alliance emerging as one of two leading contenders. The Competitors: AST SpaceMobile (partnered with Rakuten Mobile) is locked in a tight race against a consortium backed by SpaceX and KDDI. National Autonomy: The Japanese Ministry of Internal Affairs and Communications (MIC) requires the J-LEO network to be domestically operated and managed. Because AST’s partner, Rakuten, is a founding investor and deeply embedded in Japan’s telecom ecosystem, their alliance natively fulfills these domestic control requirements. Capabilities: AST SpaceMobile is specifically designed to work with unmodified, everyday smartphones. The J-LEO program requires video calling capabilities and emergency services, a technical hurdle AST has already demonstrated in Japan.",evidence_analysis,,https://stocktwits.com/message/656945819,2026-06-19T15:58:07Z,ASTS
"$RKLB At present, the institutional shareholding ratio of RKLB is between 58.5% and 65%; after deducting the ”market maker’s hedging demand and option locking“, there are only about 120 million to 140 million shares of ”pure retail/short-term free circulation chips“ left in the market. A total of 50 million Q Q Q buys today. Actually cleared nearly 35% to 40% of the liquidity in the market. This means that the remaining supply in the market has been extremely compressed. If there is any profit stimulus in the future (such as the new progress of the Neutron rocket or the signing of the space42 order), the stock price will appear a very explosive dryland market due to the ”serious imbalance between supply and demand“.",evidence_analysis,Borderline with hype or risk; kept as evidence_analysis because it gives concrete reasoning beyond the conclusion.,https://stocktwits.com/message/656933773,2026-06-19T08:29:45Z,RKLB
"$LUNR just a series of chain reactions, nothing more nothing less. Fundamentally solid and the space sector is only gonna get more attention both privately and from govt. First the spcx sucked the liquidity, gamblers ran for greener pastures and now getting hammered. Second, the ATM news spooked the investors. Third, the CEO sold shares, for justification, it was a automatic sale that was pre planned. But that happened around 26 and 27$, so we got hammered on every open for the last three days. Have a good day and, God bless 🙏🏽",evidence_analysis,Borderline with hype or risk; kept as evidence_analysis because it gives concrete reasoning beyond the conclusion.,https://stocktwits.com/message/656869424,2026-06-18T16:53:31Z,LUNR
@Electroyal im trying I just keep making the same dumb mistake of being too anxious a waking up early buying. Very rarely has it been a good entry due to the daily pullback in $IREN .Some days it doesnt though and ive missed that too.But i have defintsly made good profit swinging the 2x $IRE . I do know im gettin ready to buy Astx because that stock $ASTS is in perfect pivot point and usuallky bounces right in here and likely to head over 120 on nect rally again.,evidence_analysis,Borderline with hype or risk; kept as evidence_analysis because it gives concrete reasoning beyond the conclusion.,https://stocktwits.com/message/656890915,2026-06-18T19:03:02Z,IREN|IRE|ASTS
"$AMD +325% Taking partial profits after a large run and rotating capital into new opportunities is a common portfolio management approach. A small trim here with reallocation into a swing account allows capital redeployment without fully exiting the long-term trend. $AMD remains a long-term trend asset, but after an extended move, partial profit-taking is consistent with risk management. $NOW and $ASTS are currently viewed as having more attractive near-term risk/reward setups. This is rotation rather than replacement.",evidence_analysis,Borderline with hype or risk; kept as evidence_analysis because it gives concrete reasoning beyond the conclusion.,https://stocktwits.com/message/656911946,2026-06-18T21:23:24Z,AMD|NOW|ASTS
$ASTS Well this sucks. Hopefully we’ll get some good news from the Japanese LEO in the next couple of weeks. I truly believe that could be a turning point for us because it’s the first major catalyst since SpaceX went public. I think once people see that AST has won out in a head-to-head competition against Starlink…. It could be a turning point in how people perceive us.,evidence_analysis,Borderline with hype or risk; kept as evidence_analysis because it gives concrete reasoning beyond the conclusion.,https://stocktwits.com/message/656887632,2026-06-18T18:43:13Z,ASTS
$RKLB I wish all my space friends luck $ASTS $NASA $UFO. while we all play the SPACEX share allocation game tomorrow. Some will get shares some won't. Wall Street screwed us and threw all our beloved space stocks down to the floor the past few weeks and then raised them all on the last day after many got out and took loses. Maybe tomorrow space hits hard on all cylinders.,evidence_analysis,,https://stocktwits.com/message/656210143,2026-06-11T23:30:40Z,RKLB|ASTS|NASA|UFO
These $ASTS think $T and $VZ hav ea contract for service with $ASTS they have a contract to make a contract if $ASTS ever gets a service which they won't. Also both companies own millions of shares at their last ER. They may have sold all or selling all of their $ASTS shares now. LOL,evidence_analysis,Borderline with hype or risk; kept as evidence_analysis because it gives concrete reasoning beyond the conclusion.,https://stocktwits.com/message/656885969,2026-06-18T18:32:51Z,ASTS|T|VZ
"$ASTS Got an email from ASTS : To celebrate the successful launch of BlueBirds 8-10, we are pleased to offer you a complimentary AST SpaceMobile launch gear gift bag as a thank you for your continued support and participation in prior launch events. To redeem your launch gear gift bag, visit this page and enter this portal Your redemption code covers the full value of the gift bag items. Recipients will only be responsible for shipping costs. You may redeem up to three gift bags. Please note: • Your redemption code is unique to you and may only be used once • Please do not share or forward this email or your codes • Codes are valid while supplies last Thank you again for being part of the AST SpaceMobile journey. We truly appreciate the enthusiasm and support from our investor community and look forward to welcoming you to future launch activities. -AST SpaceMobile Team",evidence_analysis,Borderline with hype or risk; kept as evidence_analysis because it gives concrete reasoning beyond the conclusion.,https://stocktwits.com/message/656936050,2026-06-19T11:23:14Z,ASTS
"I’ve done 20.27% ytd while being almost a third cash much of the way (nature of a high beta port, you’re always planning for a rainy day). But I’m definitely approaching this moment with a lot of caution. $QQQ ran 33.6% in two months (3/30 to 6/2), you’re going to give some of that back. There’s definitely rotation underway. You can see some aerospace and defense suppliers perking up, some bios are working well; meanwhile $SOXX is down 10.5% in a week, $UFO is down 14.3% in a week. It’s the normal ebb and flow where hot sectors sell off and strength arrives in new places and you have to adjust to it. And the shallow sell offs we’ve bought in the past are not going to work as well now, even the nature of what constitutes a dip has changed. Apparently I’m supposed to wait until the Nasdaq is down 4%. Stay agile, pay attention to rotation, do the opposite of Hal. It will be ok!",evidence_analysis,Borderline with hype or risk; kept as evidence_analysis because it gives concrete reasoning beyond the conclusion.,https://stocktwits.com/message/656022513,2026-06-10T16:55:42Z,QQQ|SOXX|UFO
"$ADUR and $ASTS are two names I keep seeing pop up in higher-risk / higher-conviction discussions lately. Not saying they’re the “next big thing,” but the attention flow around them has definitely picked up. What stands out: Both tied to longer-duration infrastructure-style narratives Both attract traders looking for asymmetric upside, not steady compounding Both still very much in the “story + execution” phase rather than fully priced maturity Why people even compare them to something like $NVDA: Because everyone is always hunting for the next extreme outlier. Most of the time that’s hindsight though, not something you can confidently call early. For me, these sit more in the “watch closely, size carefully” bucket rather than conviction-heavy positioning.",evidence_analysis,Borderline with hype or risk; kept as evidence_analysis because it gives concrete reasoning beyond the conclusion.,https://stocktwits.com/message/656907414,2026-06-18T20:38:31Z,ADUR|ASTS|NVDA
KTOS Stock Gains Overnight: Why JPMorgan Thinks Kratos Could Be Ready For A Comeback $KTOS $ARKQ $ARKX $BZZ https://stocktwits.com/news/equity/markets/ktos-stock-gains-overnight-jp-morgan-upgrade-ready-for-a-comeback/cZKfRnkR7d3,information_update,,https://stocktwits.com/message/656418444,2026-06-15T01:47:31Z,KTOS|ARKQ|ARKX|BZZ
"Jim Cramer Wants A 30% SpaceX IPO Pop, Not A Cerebras-Style Surge: ‘People Hang On To It And Buy More’ $SPCX $TSLA $CBRS $UFO $NASA https://stocktwits.com/news/equity/markets/jim-cramer-spacex-ipo-need-healthy-pop-not-cerebras-surge/cZK5uDpR7PN",information_update,"Borderline with analysis, hype, or risk; labeled information_update because it mainly relays an outside item.",https://stocktwits.com/message/656237543,2026-06-12T10:58:26Z,SPCX|TSLA|CBRS|UFO|NASA
"SpaceX Finalizes Blockbuster IPO Price at $135 Per Share, Raises Record $75B — All Set to Trade on Friday $SPACZZX.P $UFO $NASA https://stocktwits.com/news/equity/markets/spacex-finalizes-blockbuster-ipo-price-at-135-per-share-raises-record-75-billion/cZKcRuCR72z",information_update,,https://stocktwits.com/message/656190828,2026-06-11T20:22:55Z,SPCX|UFO|NASA
PickAlpha Morning Report - Company News: 2026.06.04 News - 1/8: SpaceX sets fixed IPO price target at $135/share for ~$1.77TN valuation and ~$75BN raise; Nasdaq debut slated June 12 with Musk retaining >82% voting control. $TSLA $ARKX $ITA.X $QQQ $SPY,information_update,,https://stocktwits.com/message/655379455,2026-06-04T11:56:59Z,TSLA|ARKX|ITA.X|QQQ|SPY
"PickAlpha Morning Report - Company News: 2026.04.20 News Analysis - 1/4: Blue Origin New Glenn 3 lands reused booster, but upper stage inserts AST SpaceMobile BlueBird 7 into unusable low orbit; satellite to de-orbit (insured) | View: The satellite is confirmed unusable and will de-orbit, creating near-term execution uncertainty… $ASTS $AMZN $ARKX",information_update,,https://stocktwits.com/message/650755182,2026-04-20T11:58:06Z,ASTS|AMZN|ARKX
"$ASTS 🐻🐂🐂🐂🐂 From Bear To Bull!! 🐂ASTS is upgraded to Buy with a $103/share target🎯, driven by imminent commercial operations n robust satellite deployment plans. 🐂ASTS expects to achieve continuous coverage across key markets by late 2026 or early 2027, with 45 satellites in orbit n global expansion to follow. 🐂With nearly 60 global MNO partners n ample capital, ASTS is positioned for substantial revenue scaling n operating leverage as commercial contracts commence. 🐂Key risks include launch/test failures n additional equity dilution, but strong cash reserves n diversified launch partners mitigate operational n financial headwinds.https://seekingalpha.com/article/4916060-ast-spacemobile-fy27-commercial-commencement-unlocks-substantial-operating-leverage?mailingid=46219592&messageid=2800&position=rta_analysis_fullsummary_main_0_title&serial=46219592.5719&source=email_2800&utm_campaign=rta-stock-article&utm_medium=email&utm_source=seeking_alpha&utm_term=46219592.5719",information_update,"Borderline with analysis, hype, or risk; labeled information_update because it mainly relays an outside item.",https://stocktwits.com/message/656852612,2026-06-18T15:24:05Z,ASTS
"Reminder: If you bought $SPCE, there’s still time to file a claim in the $8.5M investor settlement before the deadline. If you purchased shares between 2019 and 2021, you may be eligible. The case alleged that Virgin Galactic overstated the readiness and safety of its spaceflight program. After the Unity 22 flight incident and the FAA's temporary grounding of flights, $SPCE fell sharply. You can check your eligibility and submit a claim before the deadline: https://11th.com/cases/virgin-galactic-lawsuit",information_update,"Borderline with analysis, hype, or risk; labeled information_update because it mainly relays an outside item.",https://stocktwits.com/message/656839784,2026-06-18T14:24:38Z,SPCE
$SPCE no revenue = pure play https://stockstotrade.com/news/virgin-galactic-holdings-inc-spce-news-2026_06_17-2/,information_update,"Borderline with analysis, hype, or risk; labeled information_update because it mainly relays an outside item.",https://stocktwits.com/message/656799722,2026-06-18T05:55:53Z,SPCE
SpaceX Lands $4.16B Deal From US Space Force For Satellite Threat-Tracking System $SPCX $UFO $ARKX $SPRX $ORBX https://stocktwits.com/news/equity/markets/spacex-us-space-force-deal-satellite-threat-tracking-system-ipo-elon-musk/cZgjcNUReMC,information_update,,https://stocktwits.com/message/654849645,2026-05-29T22:42:39Z,SPCX|UFO|ARKX|SPRX|ORBX
Elon Musk Warns SpaceX Could Pull Back Anthropic’s $45B AI Compute Deal If Capacity Gets ‘Super Tight’ $SPCX $ANTHZZX.P $UFO $ARKX $SPRX https://stocktwits.com/news/equity/markets/elon-musk-spacex-anthropic-deal-45b-pull-back-if-capacity-tight/cZgi1R0ResF,information_update,,https://stocktwits.com/message/654610625,2026-05-28T13:03:45Z,SPCX|ANTHZZX.P|UFO|ARKX|SPRX
LUNR Stock Eyes Best Month This Year Despite NASA's Rebuff — Analyst Sees 85% Upside $LUNR $NASA $MARS $ARKX https://stocktwits.com/news/equity/markets/lunr-stock-eyes-best-month-this-year-despite-nasa-rebuff-roth-sees-upside/cZgiEk6Res4,information_update,,https://stocktwits.com/message/654590238,2026-05-28T05:54:19Z,LUNR|NASA|MARS|ARKX
ACHR Stock Gains Institutional Muscle: BlackRock Reveals 6.9% Stake Even As Cash Burn Concerns Weigh $ACHR $ARKX $ARKQ https://stocktwits.com/news/equity/markets/achr-stock-gains-institutional-muscle-black-rock-reveals-stake-even-as-cash-burn-concerns-weigh/cZBN7oJRe2I,information_update,"Borderline with analysis, hype, or risk; labeled information_update because it mainly relays an outside item.",https://stocktwits.com/message/651469936,2026-04-27T02:02:35Z,ACHR|ARKX|ARKQ
"Shipping Group Says US, Iran Ship Seizures Violate International Law: Report $SEA $ARKX $SHLD https://stocktwits.com/news/equity/markets/shipping-group-says-us-iran-ship-seizures-violate-international-law/cZBK3QURecv",information_update,,https://stocktwits.com/message/651374416,2026-04-25T09:31:32Z,SEA|ARKX|SHLD
"The current holdings for $UFO include already popular names like $PL $GRMN $SATS $VSAT etc… We agree that the space trade is likely the next biggest investment theme, one that will be kickstarted by the IPO of SpaceX later this year. But we believe there are even better winners out there, ones that may not even be associated with space today. We take a look at six names across three segments that stand to benefit from the new space exploration theme. Take a read here today (free article enabled): https://kryptonresearch.substack.com/p/the-final-frontier",information_update,,https://stocktwits.com/message/647579459,2026-03-15T18:16:04Z,UFO|PL|GRMN|SATS|VSAT
$ASTS We are few days away from the news ASTS winning the J-Leo ( japanese mobile contract). The news could be announced next week.,information_update,"Borderline with analysis, hype, or risk; labeled information_update because it mainly relays an outside item.",https://stocktwits.com/message/656963065,2026-06-20T03:35:23Z,ASTS
2/8: SpaceX (SPCX) IPO priced at $135 raising $75B; stock +~50% in first 3 days as leveraged SPCX ETFs launch and space funds add large weights $SPCX $UFO.X $ARKX $MARS $NASA,information_update,"Borderline with analysis, hype, or risk; labeled information_update because it mainly relays an outside item.",https://stocktwits.com/message/656813323,2026-06-18T12:11:18Z,SPCX|UFO.X|ARKX|MARS|NASA
"@Rufus5508 I know, right?!? Utter dogshit! Like the jackass that I am, I purchased $NASA the end of May at its height, assuming it was going to be a solid ETF along with the two other pieces of shit, $MARS & $UFO 🥴 I'm thinking about selling all three and just take the big, L.",information_update,"Borderline with analysis, hype, or risk; labeled information_update because it mainly relays an outside item.",https://stocktwits.com/message/656030647,2026-06-10T17:47:08Z,NASA|MARS|UFO
$UFO Can someone explain SIRI in the top ten holdings of a space ETF?,information_update,,https://stocktwits.com/message/654947603,2026-06-01T12:18:03Z,UFO
"5/6: SpaceX targets public IPO prospectus disclosure as soon as next week; aims for June 8 roadshow after confidential April filing, with reported $70–$75B offering size and $1.25T combined SpaceX–xAI valuation $ARKX $ITA.X $XLI $UFO.X",information_update,"Borderline with analysis, hype, or risk; labeled information_update because it mainly relays an outside item.",https://stocktwits.com/message/653487591,2026-05-15T12:00:55Z,ARKX|ITA.X|XLI|UFO.X
"News: Global X ETFs files post-effective amendment, registration statement with the SEC for the ""Global X Space Tech ETF"" Ticker: TBD Type: Passively Managed Expense Ratio: TBD Launching: March 2026 (Est.) $UFO $ARKX $ROKT",information_update,,https://stocktwits.com/message/641722473,2026-01-13T23:02:04Z,UFO|ARKX|ROKT
$ASTS Source: Investor's Business Daily https://share.google/6ZJpgYVYhDGZ7Je2N,information_update,,https://stocktwits.com/message/656965486,2026-06-20T08:38:31Z,ASTS
"$ASTS AST SpaceMobile: Beyond Space-Based Connectivity, A Defense Powerhouse In The Making | Seeking Alpha https://share.google/ROZuAn71E4p0HpT8s",information_update,,https://stocktwits.com/message/656951599,2026-06-19T18:50:11Z,ASTS
"$ASTS Improved booster: Ariane 6 launches 36 Amazon satellites into space. https://www.heise.de/news/Verbesserte-Booster-Ariane-6-bringt-36-Amazon-Satelliten-ins-All-11336643.html We need a workhorse like that for launches, too.",information_update,,https://stocktwits.com/message/656942965,2026-06-19T14:46:16Z,ASTS
$ASTS SpaceX/Starlink not happy with how Europe is going to allow the use of Spectrum. Link here: https://www.msn.com/en-us/news/technology/spacex-criticizes-eu-proposal-for-satellite-spectrum-tender/ar-AA260xlI?uxmode=ruby&ctsrc=dgst&ocid=edgdhpruby&pc=DCTS&cvid=6a34f63f7234420ab6185859adcdc2c7&ei=11,information_update,,https://stocktwits.com/message/656934560,2026-06-19T09:43:22Z,ASTS
$9.5M out of $RKLB. SVP & General Counsel Kampani sold 88k shares. Jun 18 https://watch4insider.com/filing/0002001011-26-000105 Get alerted the minute insiders file → watch4insider.com,information_update,"Borderline with analysis, hype, or risk; labeled information_update because it mainly relays an outside item.",https://stocktwits.com/message/656923536,2026-06-19T00:21:51Z,RKLB
$ASTS $RKLB $RDW 'Space Stocks: Correction or Trend Continuation? - ASTS tests 200-day moving average support after 109.8% advance - RKLB consolidates at key confluence support zone near $100 - RDW pulls back into post-breakout support after 221% rally - Space stocks showing synchronized corrective price action - Next move likely determined by reaction at major support levels #Space https://www.fxempire.com/forecasts/article/space-stocks-price-forecast-correction-or-trend-continuation-1605386,information_update,"Borderline with analysis, hype, or risk; labeled information_update because it mainly relays an outside item.",https://stocktwits.com/message/656912850,2026-06-18T21:33:26Z,ASTS|RKLB|RDW
$ASTS Launches are complete: https://www.barchart.com/story/news/2524617/asts-stock-pops-as-ast-spacemobile-launches-bluebird-satellites,information_update,,https://stocktwits.com/message/656868433,2026-06-18T16:48:24Z,ASTS
Which #ETFs Own #SpaceX? + How To Keep Your Portfolio Safe & Growing $AMLP $ARKX $COPP $IWB $NASA https://talkmarkets.com/article/which-etfs-own-spacex-how-to-keep-your-portfolio-safe-growing-1781466954,information_update,,https://stocktwits.com/message/656400025,2026-06-14T20:02:14Z,AMLP|ARKX|COPP|IWB|NASA
SPCX IPO: SpaceX Shares Soar 11% In Nasdaq Debut — Elon Musk Is Officially The World’s First Trillionaire $SPCX $UFO $NASA https://stocktwits.com/news/equity/markets/spacex-ipo-shares-soar-elon-musk-world-first-trillionaire/cZKdRqcR75R,information_update,,https://stocktwits.com/message/656288512,2026-06-12T15:51:39Z,SPCX|UFO|NASA
SPCX IPO: Jim Chanos Says SpaceX's $1.75 Trillion Valuation Is Built On 'Hopes And Dreams' — Oppenheimer Sees $10 Trillion Opportunity $SPCX $UFO $NASA $TSLA https://stocktwits.com/news/equity/markets/spcx-ipo-jim-chanos-spacex-1-75-trillion-valuation-hopes-dreams/cZKTAu0R72g,information_update,"Borderline with analysis, hype, or risk; labeled information_update because it mainly relays an outside item.",https://stocktwits.com/message/656114296,2026-06-11T13:30:30Z,SPCX|UFO|NASA|TSLA
SpaceX IPO: Wall Street Bulls See 22% Upside Before Friday Debut $SPACZZX.P $UFO $NASA https://stocktwits.com/news/equity/markets/spacex-ipo-wall-street-bulls-see-22-percent-upside-before-friday-debut/cZ066X5R7cL,information_update,,https://stocktwits.com/message/656076184,2026-06-10T23:55:59Z,SPCX|UFO|NASA
"Elizabeth Warren Urges SEC To Delay SpaceX IPO, Citing Investor Protection Concerns $SPACZZX.P $UFO $NASA https://stocktwits.com/news/equity/markets/elizabeth-warren-urges-sec-delay-spacex-ipo-investor-protection-concerns/cZ06FdUR7cR",information_update,,https://stocktwits.com/message/656009963,2026-06-10T15:40:17Z,SPCX|UFO|NASA
SpaceX's Starlink Reportedly Faces India Setback As Security Agencies Freeze Final Approvals $SPACZZX.P $UFO $NASA https://stocktwits.com/news/equity/markets/spacex-starlink-license-setback-india-days-ahead-of-ipo/cZ0UWtuR7RP,information_update,,https://stocktwits.com/message/655858402,2026-06-09T14:17:37Z,SPCX|UFO|NASA
SPCX IPO: Doug Kass Values SpaceX At A Discount Of Nearly 50% — 'We Currently Plan To Short The Stock' $SPACZZX.P $UFO $NASA https://stocktwits.com/news/equity/markets/spacex-ipo-dougie-kass-values-50-discount-plan-to-short/cZ0UXcRR7RG,information_update,"Borderline with analysis, hype, or risk; labeled information_update because it mainly relays an outside item.",https://stocktwits.com/message/655844314,2026-06-09T13:12:10Z,SPCX|UFO|NASA
SPCX IPO: Record $75 Billion Offering Is Already Oversubscribed $SPCX $UFO $NASA https://stocktwits.com/news/equity/markets/spacex-ipo-oversubscribed-a-day-after-roadshow-launch/cZ0F8qmReCS,information_update,"Borderline with analysis, hype, or risk; labeled information_update because it mainly relays an outside item.",https://stocktwits.com/message/655565693,2026-06-05T15:52:45Z,SPCX|UFO|NASA
"PL Stock Records Sharpest Single-Day Fall In 21 Months – Why Bullish Street Calls, Earnings Beat Failed To Turn The Tide $PL $SHLD $UFO $NASA https://stocktwits.com/news/equity/markets/pl-stock-sinks-on-stock-offering-margin-compression/cZ0FVCWReCL",information_update,"Borderline with analysis, hype, or risk; labeled information_update because it mainly relays an outside item.",https://stocktwits.com/message/655551167,2026-06-05T14:46:32Z,PL|SHLD|UFO|NASA
SPCX IPO: Morgan Stanley Sees SpaceX Revenue Soar 182-Fold To $3.4 Trillion By 2040 $SPCX $UFO $NASA https://stocktwits.com/news/equity/markets/spacex-revenue-soar-182-fold-3-4-trillion-2040-morgan-stanley-spcx-ipo/cZ0FkkIReCJ,information_update,"Borderline with analysis, hype, or risk; labeled information_update because it mainly relays an outside item.",https://stocktwits.com/message/655523833,2026-06-05T12:37:27Z,SPCX|UFO|NASA
SpaceX's AI Revenue Could Eclipse Starlink — Goldman Forecasts 100-Fold Surge To $322B By 2030 $SPCX $UFO $NASA https://stocktwits.com/news/equity/markets/spacex-ai-revenue-soar-100-times-322b-2030-spcx-ipo-roadshow/cZ0ZKosReyw,information_update,,https://stocktwits.com/message/655424290,2026-06-04T15:56:33Z,SPCX|UFO|NASA
David Solomon Says Goldman Didn't Win The SpaceX IPO In 6 Months — It Took 20 Years $GS $SPCX $UFO $NASA https://stocktwits.com/news/equity/markets/david-solomon-goldman-sachs-spacex-ipo-20-years-elon-musk/cZ0ZO7ARey0,information_update,,https://stocktwits.com/message/655379269,2026-06-04T11:54:54Z,GS|SPCX|UFO|NASA
Did SpaceX Lower Its IPO Valuation Target? Here's What Elon Musk Said $SPCX $UFO $ARKX $SPRX https://stocktwits.com/news/equity/markets/did-spacex-lower-ipo-valuation-target-heres-what-elon-musk-said/cZgSq9nReMQ,information_update,"Borderline with analysis, hype, or risk; labeled information_update because it mainly relays an outside item.",https://stocktwits.com/message/654773594,2026-05-29T14:22:57Z,SPCX|UFO|ARKX|SPRX
https://nfne.ws/298895 $UFO @ProcureAM_LLC #Aerospace #ETF #SpaceETF #SpaceStocks #UFO #Banking #Defense #FinancialServices #MutualFunds #N,information_update,,https://stocktwits.com/message/654504225,2026-05-27T15:06:44Z,UFO
LUNR Stock Has Gained Nearly 50% In A Month — A Look At What's Behind The Relentless Investor Optimism $LUNR $UFO $XAR $ARKQ $ARKX https://stocktwits.com/news/equity/markets/lunr-stock-gained-nearly-50-in-month-behind-relentless-investor-optimism/cZga63qRepA,information_update,,https://stocktwits.com/message/654343375,2026-05-26T10:50:07Z,LUNR|UFO|XAR|ARKQ|ARKX
VSAT Stock Hits Seven-Year High On Securing Department of War contract $VSAT $UFO $WARP https://stocktwits.com/news/equity/markets/vsat-stock-hits-seven-year-high-on-securing-department-of-war-contract/cZg2z1IReY7,information_update,,https://stocktwits.com/message/654236631,2026-05-23T00:03:24Z,VSAT|UFO|WARP
RKLB Stock Near Record Highs – Rocket Lab Investors Are Watching More Than Just Launches This Week $RKLB $NASA $MARS $ARKX https://stocktwits.com/news/equity/markets/rklb-stock-near-record-highs-rocket-lab-investors-electron-launch-shareholder-meeting/cZXuKI5ReZO,information_update,"Borderline with analysis, hype, or risk; labeled information_update because it mainly relays an outside item.",https://stocktwits.com/message/653768737,2026-05-19T07:06:35Z,RKLB|NASA|MARS|ARKX
"$SPACEX.X $ARKX https://www.cnbc.com/2026/05/15/jim-cramer-spacex-ipo-market-bubble.html CNBC’s Jim Cramer said he is growing concerned about speculative excess in the IPO market. He warned that the upcoming SpaceX debut could fuel bubble-like behavior. SpaceX is expected to go public in June and could release its prospectus as soon as next week, CNBC reported Thursday.",information_update,"Borderline with analysis, hype, or risk; labeled information_update because it mainly relays an outside item.",https://stocktwits.com/message/653599482,2026-05-16T13:07:40Z,SPCX|ARKX
"LUNR Posts Record Revenue, $1.1 Billion Backlog — So Why Are Investors Disappointed? $LUNR $UFO $XAR $ARKQ $ARKX https://stocktwits.com/news/equity/markets/intuitive-machines-q1-results-revenue-triples-lunr-stock-tumbles/cZX1pooRe1p",information_update,,https://stocktwits.com/message/653342856,2026-05-14T12:53:03Z,LUNR|UFO|XAR|ARKQ|ARKX
Cathie Wood Sells RKLB Amid SpaceX IPO Buzz – But Pullback Has Retail Talking About $500 Targets Again $RKLB $SPCX $ARKQ $ARKX https://stocktwits.com/news/equity/markets/cathie-wood-sells-rklb-amid-spacex-ipo-buzz/cZXXP0HReLW,information_update,,https://stocktwits.com/message/653042419,2026-05-12T07:17:48Z,RKLB|SPCX|ARKQ|ARKX
LUNR Stock Hits 52-Week High Ahead Of Q1 Earnings This Week — Retail Says SpaceX IPO Will Fuel A Rally In Intuitive Machines Shares $LUNR $UFO $XAR $ARKQ $ARKX https://stocktwits.com/news/equity/markets/lunr-stock-hits-52-week-high-ahead-of-q1-earnings-retail-eyes-spacex-ipo/cZXafAgRehq,information_update,"Borderline with analysis, hype, or risk; labeled information_update because it mainly relays an outside item.",https://stocktwits.com/message/652974120,2026-05-11T17:33:39Z,LUNR|UFO|XAR|ARKQ|ARKX
This Geospatial Stock Is Up Over 300% This Year – Analysts Still See A 32% Upside Potential $SATL $UFO $IWO https://stocktwits.com/news/equity/markets/satl-stock-soars-pre-market-extending-300-ytd-rally-analysts-further-upside/cZXabzaReWH,information_update,"Borderline with analysis, hype, or risk; labeled information_update because it mainly relays an outside item.",https://stocktwits.com/message/652909088,2026-05-11T10:11:04Z,SATL|UFO|IWO
SpaceX Launches Planet Labs’ New Pelican Satellites Into Orbit: Retail Says ‘Planetary Intelligence Loading’ $PL $NASA $UFO https://stocktwits.com/news/equity/markets/space-x-launches-planet-labs-new-pelican-satellites-into-orbit-retail-says-planetary-intelligence-loading/cZQMV7LRe7U,information_update,"Borderline with analysis, hype, or risk; labeled information_update because it mainly relays an outside item.",https://stocktwits.com/message/652151755,2026-05-04T09:07:10Z,PL|NASA|UFO
#UFO: A Pure Play Fund Targeting The Space #Economy $UFO Also $GOOGL $PL $RKLB $SATS https://talkmarkets.com/article/ufo-a-pure-play-fund-targeting-the-space-economy-1776539417,information_update,,https://stocktwits.com/message/650690393,2026-04-18T19:11:48Z,UFO|GOOGL|PL|RKLB|SATS
"$ARKX $KOID $SETM ""The agency doesn’t yet have the personnel to spend that kind of money effectively. And even if they did, the nation’s existing supply chain would be hard-pressed to meet demand."" https://www.politico.com/news/2026/04/16/space-force-budget-trump-spending-00877916",information_update,,https://stocktwits.com/message/650563005,2026-04-17T11:29:53Z,ARKX|KOID|SETM
EXCLUSIVE: Rocket Lab Vs. SpaceX – RKLB CEO Says They Are Two ‘Very Separate’ Companies $RKLB $SPCX $MARS $ARKX $JEDI https://stocktwits.com/news/cryptocurrency/markets/rocket-lab-vs-space-x-rklb-ceo-says-they-are-two-very-separate-companies/cZJvlr4RID0,information_update,"Borderline with analysis, hype, or risk; labeled information_update because it mainly relays an outside item.",https://stocktwits.com/message/650461610,2026-04-16T13:43:34Z,RKLB|SPCX|MARS|ARKX|JEDI
Tesla Stock Sits Out The Mag 7 Rally — Cathie Wood’s Ark Keeps Loading Up Anyway $TSLA $ARKK $ARKQ $ARKX https://stocktwits.com/news/equity/markets/tesla-sits-out-mag-7-rally-as-ark-keeps-buying/cZJgMhiRIr5,information_update,"Borderline with analysis, hype, or risk; labeled information_update because it mainly relays an outside item.",https://stocktwits.com/message/649791159,2026-04-09T04:46:49Z,TSLA|ARKK|ARKQ|ARKX
https://nfne.ws/291089 $UFO @ProcureAM_LLC #Aerospace #ETF #spaceindustry #spaceinvesting #SpaceStocks #Banking #Defense #FinancialServices,information_update,,https://stocktwits.com/message/649583058,2026-04-07T15:11:48Z,UFO
$ARKX the perfect ETF for the new space sector! https://youtu.be/GaS8w2FtnCY,information_update,,https://stocktwits.com/message/649034627,2026-03-31T13:12:17Z,ARKX
SPCE Stock Surged Nearly 9% After Market Despite Earnings Miss — Here's Why $SPCE $VTI $UFO https://stocktwits.com/news/equity/markets/spce-stock-surged-after-market-despite-earnings-miss/cZETdRARINq,information_update,,https://stocktwits.com/message/648997126,2026-03-30T23:35:55Z,SPCE|VTI|UFO
Why Did RKLB Stock Edge Up After-Hours? $RKLB $MARS $ARKX https://stocktwits.com/news/equity/markets/why-did-rklb-stock-edge-up-after-hours/cZETRq9RINn,information_update,,https://stocktwits.com/message/648989137,2026-03-30T21:31:27Z,RKLB|MARS|ARKX
"Firefly's Alpha Rocket Returns To Orbit Successfully, Sends FLY Stock Up 5% Overnight $FLY $SPCX $UFO https://stocktwits.com/news/equity/markets/fireflys-alpha-rocket-returns-to-orbit-successfully-sends-fly-stock-up-5-overnight/cZdMMNURIBx",information_update,"Borderline with analysis, hype, or risk; labeled information_update because it mainly relays an outside item.",https://stocktwits.com/message/647306902,2026-03-12T04:59:27Z,FLY|SPCX|UFO
"AVAV Stock Faces Selloff After Space Force Ends SCAR Contract, But Retail Says Time For ‘Rebound Now’ $AVAV $ARKX $JEDI $BOTZ https://stocktwits.com/news/equity/markets/avav-stock-faces-selloff-space-force-ends-scar-contract-retail-time-for-rebound-now/cZdAD0LRIJi",information_update,,https://stocktwits.com/message/647198088,2026-03-11T11:12:50Z,AVAV|ARKX|JEDI|BOTZ
"What $10,000 became over the last two years: • $NBIS $142,550 • $EOSE $108,460 • $ASTS $92,390 • $MU $81,340 A $10,000 conviction bet two years ago has mutated into absolute generational wealth, driven by the furious right-side acceleration of the AI infrastructure super-cycle and frontier deep-tech. Recently added to the Nasdaq-100 index, NVIDIA-backed AI cloud juggernaut $NBIS (Nebius Group) printed an astounding 14x+ return to lead the tape. Alongside high-bandwidth memory titan $MU, it proves that owning unassailable hardware assets delivers the purest alpha. Direct-to-cell satellite constellation sovereign $ASTS and utility-scale long-duration energy storage pioneer $EOSE secured exceptional 9x to 10x multi-bagger runs, completely redefining structural asymmetry. Are you aggressively riding the right-side momentum of index-darling $NBIS, or accumulating the high-margin memory fortress inside $MU? Drop your entry targets below!",speculative_hype,,https://stocktwits.com/message/656957098,2026-06-19T22:04:33Z,NBIS|EOSE|ASTS|MU
"$RKLB ja ja its a joke spcx SpaceX (SPCX) Plans $20 Billion Bond Offering to Refinance Debt, but they spend 60 billion in what? another software company that could bought for 1 billion 2 years ago? im holding my rklb and i believe in our ceo i have spcx too but now RKLB is 3X more atractive at this steal price for the very long term, neutron and moon later mars and the universe here we go... LONG LIFE TO RKLB",speculative_hype,,https://stocktwits.com/message/656932691,2026-06-19T06:36:37Z,RKLB
Stocks I’m Watching Today To Add On Any Further Dips Growth & AI $MSFT — Strong Buy $NOW — Strong Buy $SOFI — Strong Buy $ASTS — Strong Buy $ASST — Strong Buy Not chasing green candles. Patiently loading quality setups on pullbacks. These are my top conviction names heading into market open. Will be devouring any dips if available. Are you going to miss out again?,speculative_hype,,https://stocktwits.com/message/656864769,2026-06-18T16:28:05Z,MSFT|NOW|SOFI|ASTS|ASST
"High-conviction long-term positioning - staying aligned with structural winners across AI infra, semis, space, and energy transition themes. Volatility is just noise around the trend. $ASTS - Strong Buy $RKLB - Strong Buy $AVGO - Strong Buy $MRVL - Strong Buy $IREN - Strong Buy Focus remains on scalable platforms with durable demand curves and multi-year tailwinds. Near-term price swings don’t change the thesis - execution + sector momentum drives the real compounding. Watching for continued institutional accumulation.",speculative_hype,,https://stocktwits.com/message/656840357,2026-06-18T14:27:03Z,ASTS|RKLB|AVGO|MRVL|IREN
"$ASTS Bought another 220 shares for a total of 663 shares 💪🏼 You guys should be selling kidneys, kids college funds, retirement accounts, whatever you can liquidate to buy more ASTS today at the lows THIS IS A GENERATIONAL WEALTH OPPORTUNITY 💰💰💰",speculative_hype,,https://stocktwits.com/message/656846025,2026-06-18T14:53:07Z,ASTS
"$SPCE this can still easily run over $17. Really do your research. I personally think this is a very good price to buy. Honestly, anything under five dollars is a steal. Just be ready to hold.",speculative_hype,,https://stocktwits.com/message/656901496,2026-06-18T20:01:58Z,SPCE
"$ARKX $TSLA $RONB $ARKVX $SPY SpaceX could be worth $10-$30 trillion in a decade or two. It's like buying the British or Dutch East India Trading Companies in the 20th century. They were massive monopolies that controlled half of global trade. SpaceX's potential to reach a $10+ trillion valuation rests on its monopoly in low-cost space access, the massive global scaling of its Starlink internet, and emerging off-world enterprises like space-based AI data centers. Controlling the physical infrastructure of the final frontier will justify the unprecedented valuation. And a $1.25-$1.5 trillion IPO listing for SpaceX will be considered peanuts over the long run.",speculative_hype,Borderline with evidence_analysis; labeled speculative_hype because evidence is thin or mainly used to support an upside claim.,https://stocktwits.com/message/653759027,2026-05-19T00:48:05Z,ARKX|TSLA|RONB|ARKVX|SPY
$ARKX $XOVR $RONB $TSLA $SPY The future is bright and bullish. The Artemis 2 mission is currently scheduled to lift off on April 1 aboard NASA’s powerful Space Launch System rocket from Pad 39B at NASA’s Kennedy Space Center in Florida. It will send four astronauts on a roughly 10-day journey around the moon and safely back to Earth on board the Orion capsule.,speculative_hype,Borderline with evidence_analysis; labeled speculative_hype because evidence is thin or mainly used to support an upside claim.,https://stocktwits.com/message/648840874,2026-03-28T14:02:11Z,ARKX|XOVR|RONB|TSLA|SPY
"$ASTS Most Popular Narrative: 52.6% Undervalued AST SpaceMobile is trading at $80.66 while the most followed narrative on the stock suggests a fair value of $170, putting a big spotlight on its long term potential versus current pricing",speculative_hype,,https://stocktwits.com/message/656951415,2026-06-19T18:45:02Z,ASTS
$SPCE holding long and strong. Cant wait for the big rebound next week. We’re getting closer and closer to flying people to space and then we will run hard! These are the best prices to get in.,speculative_hype,,https://stocktwits.com/message/656848581,2026-06-18T15:04:47Z,SPCE
"$ASTS The selloff of ASTS after the SPCX ipo surprised me. BUT, the successful launch and deployment of the stacked BB8-BB10 birds makes me more confident than ever my long term hold of ASTS!!! …just sayin",speculative_hype,,https://stocktwits.com/message/656853907,2026-06-18T15:30:34Z,ASTS
"$ASTS Don’t let these dogsht bears sway you. Continue to be patient, stand your ground, and/or Keep accumulating/Hodl. These mfers are going to be in trouble going into the next week.",speculative_hype,,https://stocktwits.com/message/656892017,2026-06-18T19:10:22Z,ASTS
$LUNR Tuesday we all go to the moon together. I sold the short term gains after big Friday then bought again end of day to ride the next week. Also love my $UFO,speculative_hype,,https://stocktwits.com/message/654327606,2026-05-26T00:42:40Z,LUNR|UFO
For my long term investors buy these and thank me later. Do not buy options as I don’t recommend trading as of late. Just investments $VUG $MARS $UFO.,speculative_hype,,https://stocktwits.com/message/654344598,2026-05-26T11:13:30Z,VUG|MARS|UFO
"$SPCE Ok now that we have TWEETER AND THE MONKEY MAN OUT with huge losses, let’s add to run this back up….at this bargain price……CHEERSP4",speculative_hype,,https://stocktwits.com/message/656838657,2026-06-18T14:19:48Z,SPCE
$ASTS on the daily the 200 Sam’s line has been a great buy the dip spot historically for long term entry,speculative_hype,,https://stocktwits.com/message/656895667,2026-06-18T19:34:22Z,ASTS
"$ASTS Oh well, I will put the new motorcoach & offshore race boat purchase on hold till next week. (Still super bullish) 😃😃😃",speculative_hype,,https://stocktwits.com/message/656848419,2026-06-18T15:04:00Z,ASTS
$SPCE Aug 5th big day! Earnings release! Invest in the future hold long term!,speculative_hype,,https://stocktwits.com/message/656747545,2026-06-17T18:50:55Z,SPCE
"$ADUR and $ASTS stand out as the highest-conviction names in the current setup. Both are being treated as asymmetric bets with unusually strong moat characteristics relative to their market caps and addressable markets. The market is constantly searching for the next $NVDA-type exponential winner - the rare 10x to 100x compounders that define entire cycles. If you’re positioning for that kind of upside, these are two of the cleaner expressions of that “early-stage infrastructure monopoly” profile. Not saying they are there yet - but this is exactly the stage where leaders are formed, not recognized.",speculative_hype,,https://stocktwits.com/message/656917254,2026-06-18T22:26:16Z,ADUR|ASTS
"What $10,000 became over the last two years: • $SNDK $604,690 • $RKLB $247,990 • $BE $246,020 • $RGTI $236,090 • $AXT.X $225,670 A $10,000 bet two years ago has mutated into absolute generational wealth, fueled by the relentless acceleration of AI infrastructure and frontier tech. Spun-off memory sovereign $SNDK led the entire tape with an insane 60x return. Severe enterprise SSD and NAND shortages have caused Wall Street to aggressively re-rate memory from a cyclical drag into an essential, high-margin AI compute anchor. Space-economy pure-play $RKLB, grid-power play $BE, quantum vanguard $RGTI, and semiconductor wafer play $AXT.X all delivered explosive 20x+ gains, proving mega-caps aren't the only alpha game in town. Where does the smart money rotate next? Are you chasing the momentum inside the unassailable storage fortress of $SNDK, or building positions in rocket-backlog king $RKLB before the next space lift-off?",speculative_hype,,https://stocktwits.com/message/656956061,2026-06-19T21:21:18Z,SNDK|RKLB|BE|RGTI|AXT.X
"$LUNR Let me guess… the Discord gurus are still “buying the dip.” Then when it keeps falling, all you get are memes and GIFs instead of a plan. I’ve learned a lot lately. Chasing longs on the way up usually means you’re late, and blindly buying crashes on the way down is just catching knives. Risk management, patience, and waiting for confirmation beat trying to be a hero every time. Not every dip is a buying opportunity, and not every rip is worth chasing.",speculative_hype,,https://stocktwits.com/message/656826872,2026-06-18T13:37:51Z,LUNR
"$ASTS taking a hit, down about 17% in five sessions and another 6% today Even after the BlueBird launch went well, we’re not seeing dip buyers jump in Big players are loading up on puts, especially around the $80 strike That $2.26M August sweep shows serious downside hedging Market is treating the BlueBird launch as a sell event, not a rally Institutions are hedging and expecting more pressure Feels like fresh longs are up against some heavy negative momentum here",speculative_hype,,https://stocktwits.com/message/656913474,2026-06-18T21:40:10Z,ASTS
"$LUNR as I said earlier it was just a chain reaction of events that crushed this stock. In long term it will hit 75$. FUDsters are doing what they do best, this week seeing the same messages I saw, when this was trading at 8$ not so long ago. Either you believe in this company or you don't . Have a good weekend. And praise and thank the Almighty for what you have. ❤️ 🙏🏽",speculative_hype,,https://stocktwits.com/message/656907198,2026-06-18T20:36:41Z,LUNR
"$SPCE bears you got lucky yesterday as there was a wide sell off of space stocks $UFO $MARS $NASA were all deep red yesterday but not today… just a heads up… space stonks will be pumping for at least another week, you have the chance to close the shorts now or pay a huge price next week when your position will be wiped out, you have been warned. Extremely bullish.",speculative_hype,,https://stocktwits.com/message/655447819,2026-06-04T18:15:05Z,SPCE|UFO|MARS|NASA
"$ARKX $CBRS $SPCX $SPY CBRS IPO’d at $185 today and closed around $312. With the SpaceX IPO coming soon and with its quick add to the S&P 500 club, a flood of capital will pour into that stock. I wouldn’t be surprised to see ARKX and other space ETFs continue to run up before and after IPO. ARKX to $50/share post IPO.",speculative_hype,Borderline with evidence_analysis; labeled speculative_hype because evidence is thin or mainly used to support an upside claim.,https://stocktwits.com/message/653451020,2026-05-14T22:25:11Z,ARKX|CBRS|SPCX|SPY
$TTD $NOW $CRM $ADBE $SPCE Also don’t forget the shares they can use to short also get smaller and smaller as they buy back setting up for a short squeeze as it locks the bottom and allows for the price to move up and once they lose control panic sets it and it rallies hard.,speculative_hype,,https://stocktwits.com/message/656841497,2026-06-18T14:32:06Z,TTD|NOW|CRM|ADBE|SPCE
"$SPCE This will bounce around until things really happen. If your in, you have nothing to worry about, if you're looking for a quick buck, good luck. The bouncing will stop and you knee jerked yourself out of a great trade. I'm long, no need to fuss.",speculative_hype,,https://stocktwits.com/message/656847597,2026-06-18T15:00:01Z,SPCE
This (SPCX) SpaceX stock analysis video for Jun-18-2026 will show you potential buy and sell zones if you're looking to purchase their stock and other space-related stocks such as (RKLB) Rocket Lab Corp and AST SpaceMobile Inc (ASTS). https://youtu.be/6ovwa_I8Fx4 $SPCX $RKLB $ASTS,speculative_hype,,https://stocktwits.com/message/656879914,2026-06-18T17:53:54Z,SPCX|RKLB|ASTS
"Caught the absolute bottom on $ASTS this morning! Reuters reporting new satellite deployment milestones has the retail crowd going absolutely wild. This is a pure momentum play right now, just trailing my stops tightly to lock in these quick gains. Let the winners run! Bullish!",speculative_hype,,https://stocktwits.com/message/656861201,2026-06-18T16:08:24Z,ASTS
$LUNR I’m long term but this should be more like 15-18$ at best. Next year or if they land successfully perhaps but the competition is gonna eat a hole In the pocket and demand more dilution to compete long term.,speculative_hype,,https://stocktwits.com/message/656792813,2026-06-18T02:12:54Z,LUNR
"$ASTS the option expirations are released and space X IPO is settled, now we are at a bargain stage that could potentially trigger avalanche with so much shorts out there to be squeezed. Going to be wild. Hold tight",speculative_hype,,https://stocktwits.com/message/656965348,2026-06-20T08:18:28Z,ASTS
"$ASTS entering spicy zone, for long term breakdown. all of the shorter timeframes, buyers today, last week, last month, last six months…all bagged… sub $70, majority of long timers, will be flat to underwater…selling pressure will accelerate.",speculative_hype,,https://stocktwits.com/message/656864045,2026-06-18T16:23:44Z,ASTS
"$ARKVX $ARKX $RONB $SPY $TSLA Someone that actually knows what they’re doing and listen to their engineers and physicists will surely pass up Felon, long before that happens. SPACEX’ll be the BlackBerry of the Rocket / Space Industry.",speculative_hype,,https://stocktwits.com/message/653876986,2026-05-20T02:38:40Z,ARKVX|ARKX|RONB|SPY|TSLA
"$UFO One launch. One contract. One breakthrough away from the entire sector rerating higher. Institutions are chasing AI. I’m accumulating the next frontier. Space, defense, communications, autonomy, robotics. The rocket hasn’t even left the pad yet. 🚀🚀🚀🌕💎🙌",speculative_hype,Borderline with evidence_analysis; labeled speculative_hype because evidence is thin or mainly used to support an upside claim.,https://stocktwits.com/message/656571694,2026-06-16T13:50:05Z,UFO
"$ASTS actually thought this guys name was moon soon, but it makes more sense now. let’s go.next week should hopefully be better. I look out a few years though. would love a big announcement soon . 🚀🚀",speculative_hype,,https://stocktwits.com/message/656933235,2026-06-19T07:35:51Z,ASTS
"$ASTS reminder , we went from $63 on May 5 to $133 on May 28 to current price with successful launch. We can all wait 3 weeks and just keep accumulating. Japan contract + next 3 tuna cans imminent!!!!",speculative_hype,Borderline with evidence_analysis; labeled speculative_hype because evidence is thin or mainly used to support an upside claim.,https://stocktwits.com/message/656882536,2026-06-18T18:10:21Z,ASTS
"Two stories in one screen today. $RDW and $RKLB pulling back while $QS, $CIFR and $MU rip higher. Watch how the buyers step in on the dippers and whether the runners hold their gains into the close. 👀",speculative_hype,,https://stocktwits.com/message/656854072,2026-06-18T15:31:15Z,RDW|RKLB|QS|CIFR|MU
3/5: SpaceX prioritizes building “self‑growing city” on the Moon and folds xAI into $1TN valuation deal | View: Event is structurally positive for space and AI demand but highly long-dated and private… $ARKX $SPY,speculative_hype,Borderline with evidence_analysis; labeled speculative_hype because evidence is thin or mainly used to support an upside claim.,https://stocktwits.com/message/644455093,2026-02-09T14:50:02Z,ARKX|SPY
"$ASTS guess what bears??? if it goes down Monday I will buy more, if it goes down Tuesday I will buy more, etc. Learn to invest and have conviction and thank you for discounted shares!!!",speculative_hype,,https://stocktwits.com/message/656862272,2026-06-18T16:13:56Z,ASTS
$RKLB The market spent years asking if Rocket Lab could survive. Now it’s being added to the Nasdaq-100 and people are asking how big it can get. That’s a very different conversation. 👀🚀,speculative_hype,,https://stocktwits.com/message/656919365,2026-06-18T23:00:09Z,RKLB
"$SPCE I’ll say it once and I’ll say it again, undervalued and under book value of about $4.20. Market cap is way too low. People are getting a steal at these prices",speculative_hype,,https://stocktwits.com/message/656877676,2026-06-18T17:39:54Z,SPCE
"$SPCE seeing MULTIPLE multi-million share orders hit the tape 👀🐳 Big money loading while price HOLDS the 200MA = strength, not weakness 💪 This is the kind of accumulation you watch for before a major move 🚀",speculative_hype,,https://stocktwits.com/message/656947037,2026-06-19T16:31:45Z,SPCE
"$ASTS just printed $133,000,000+ in buys on Thursday (6/18/26)… let that sink in. Big money is loading. Whales aren’t tapping in for no reason 🐳 Something is coming. 👀🚀 #ASTS",speculative_hype,,https://stocktwits.com/message/656946700,2026-06-19T16:22:29Z,ASTS
$ASTS $FLY $LUNR I’m riding out the volatility and buying the big drops. Nothing in the story has changed. Backlogs are solid. This turbulence looks like a gift for anyone accumulating.,speculative_hype,,https://stocktwits.com/message/656875442,2026-06-18T17:27:09Z,ASTS|FLY|LUNR
$ASTS $LUNR $RKLB $SPCE $SPCX I guess.. if u bought in @ $130’s Not if u bought in @ $62 Plus making a KILLING on covered Calls All good in the hood 💪💵,speculative_hype,,https://stocktwits.com/message/656954462,2026-06-19T20:20:14Z,ASTS|LUNR|RKLB|SPCE|SPCX
"$ARKX: still a mystery to me why the aerospace/defense space can't rally during wartime with a massive budget increase pending, but there it is. Watching this buy setup develop...",speculative_hype,,https://stocktwits.com/message/649580196,2026-04-07T14:53:38Z,ARKX
$ASTS how long until I get so see my favorite post from whoever plays the Forrest Gump and just like that we are all bullish again. I’m guessing Monday,speculative_hype,,https://stocktwits.com/message/656867178,2026-06-18T16:41:26Z,ASTS
$SPCX $RONB $ARKX $UFO $TSLA Bullish on life and humanity. Keep stacking assets if you have a long time horizon. The future will be amazing. Photos recently shared by SpaceX.,speculative_hype,,https://stocktwits.com/message/646141359,2026-02-27T18:53:48Z,SPCX|RONB|ARKX|UFO|TSLA
$RKLB thank you Space X plorers for the opportunity during the rush to $SPCX now in big here at Rocket Lab! and welcome back too after the reality checkout,speculative_hype,,https://stocktwits.com/message/656859486,2026-06-18T15:59:09Z,RKLB|SPCX
"$AMD Cathy bought another 21,600 shares in $ARKK, 4,973 in $ARKQ, and 3,566 in $ARKX. She also added 24000 or so of $AVGO.",speculative_hype,,https://stocktwits.com/message/645184611,2026-02-18T01:43:38Z,AMD|ARKK|ARKQ|ARKX|AVGO
Just sold some stocks that were hanging around doibg nothing to buy my first starter position in $SPCX should compliment my long position in $SPCE,speculative_hype,,https://stocktwits.com/message/656879655,2026-06-18T17:52:23Z,SPCX|SPCE
$SPCE I sold entire position of SPCE and cut losses and now moving to Space X instead. Feel like it is better long term.,speculative_hype,,https://stocktwits.com/message/656832985,2026-06-18T13:57:59Z,SPCE
@SuperStoner prove me wrong buy more shares or sell your $ASTS and buy $ASTX.. Bid this up so I can short next week.,speculative_hype,,https://stocktwits.com/message/656892347,2026-06-18T19:12:35Z,ASTS|ASTX
"$ASTS Confucius say, Man who sell at these prices definitely one of panic. One who buy at these prices create generational wealth",speculative_hype,,https://stocktwits.com/message/656883946,2026-06-18T18:19:29Z,ASTS
"$NASA Started a small position here today, good price for the long run! SpaceX IPO in June possibly… $SPY $ARKX",speculative_hype,Borderline with evidence_analysis; labeled speculative_hype because evidence is thin or mainly used to support an upside claim.,https://stocktwits.com/message/651913083,2026-04-30T17:36:12Z,NASA|SPY|ARKX
$ARKX I added some more today not at the lowest but was glad I bought this on the way down.,speculative_hype,,https://stocktwits.com/message/642365490,2026-01-20T23:45:28Z,ARKX
$ASTS cover your shorts now. Bears had enough fun. This is now a setup for bull run next week,speculative_hype,,https://stocktwits.com/message/656899759,2026-06-18T19:55:11Z,ASTS
$FLY $PL $ASTS bought more of these today Next week is going to be good for these names,speculative_hype,,https://stocktwits.com/message/656897119,2026-06-18T19:42:39Z,FLY|PL|ASTS
$LUNR added 600 to hold 2500 avg 28. Will go up to 5000 shares if drops further,speculative_hype,,https://stocktwits.com/message/656835051,2026-06-18T14:05:33Z,LUNR
"$SPCX Good enough, I'm in. Patience pays. $RKLB $FLY I long term. No sale.",speculative_hype,,https://stocktwits.com/message/656864680,2026-06-18T16:27:39Z,SPCX|RKLB|FLY
"$LUNR The question isn't if this will bounce back (of course it will), the question is WHEN WILL THEY STOP SELLING OFF the entire space sector, including LUNR? Where is the transition?!? Even when IM-2 failed, the bottom came fairly quick, and the stock kind of hovered there for a while with both green and red days. This is just 3 weeks of straight down. The problem is we don't know what the MMs /Wall Street overall is doing with the space sector at the moment. We saw this similar protracted sell-off with different sectors, but the space sector one seems more prolonged. The current offering and SPCX IPO haven't helped either.",risk_skepticism,,https://stocktwits.com/message/656846374,2026-06-18T14:54:41Z,LUNR
"$ASTS you’re correct about the risk, but the risk has significantly decreased and is not related to this price action. A week ago bears said “ASTS will be lucky to have 1 satellite this year”. Now we’ve launched another 3 with 3 more on the way shortly. Will we reach the 45 sats by EOY? Unlikely based on the current rate, but execution has nothing to do with the drop in the recent weeks, that’s purely market conditions. Sure it may take till Q1 2027 for the full 45 satellite deployment, and once that happens there will be an immediate increase in revenue. That’s not speculation, ISPs have already joined AST and are simply waiting to enable the D2D services. We have a cash runway well into 2027 so stock dilution is unlikely. Starlink generated 11.4B of revenue last year with inferior satellites. That’s a third of AST market cap. Once you start calculating P/E ratios at future revenue levels it becomes clear AST at this price point is very strong.",risk_skepticism,Borderline with evidence_analysis; labeled risk_skepticism because the main purpose is a downside warning.,https://stocktwits.com/message/656853462,2026-06-18T15:28:18Z,ASTS
"$WARP $UFO $MARS $ORBX These garbage ETF’s are down 5% - 10% daily, There garbage and $SPCX ia garbage too, Soon as I get in profit I’m selling this trash 🚮 Space X will not rally green everyday while the entire sector is red everyday! That SpaceX trash will rally for a few days then join the sector in being big red everyday 📠",risk_skepticism,Borderline with evidence_analysis; labeled risk_skepticism because the main purpose is a downside warning.,https://stocktwits.com/message/655317466,2026-06-03T20:05:43Z,WARP|UFO|MARS|ORBX|SPCX
@SuperStoner there is a commecial agreement to do future buisness but its non binding can be canceled at any time and no service at this time or ever. So not a contract to me. But you do you prove me wrong buy more shares or sell your $ASTS and buy $ASTX.. Bid this up so I can short next week.,risk_skepticism,Borderline with evidence_analysis; labeled risk_skepticism because the main purpose is a downside warning.,https://stocktwits.com/message/656892481,2026-06-18T19:13:29Z,ASTS|ASTX
"$LUNR support at 22, but looks terrible below that, could flush to 18. I’d love to buy dip there again. $SPCX is basically a new Mag7 (8?) but controls the space sector. If $SPCX is bearish, you better believe the sector will be weak. Look at $RDW",risk_skepticism,Borderline with evidence_analysis; labeled risk_skepticism because the main purpose is a downside warning.,https://stocktwits.com/message/656964221,2026-06-20T05:30:18Z,LUNR|SPCX|RDW
"$SPCE SO MANY WEAK HANDS, THIS SAME SHIT PEOPLE WILL AFTER FEW DAYS WHEN IT WILL REVERSE UPWARDS REGRETING WHY THE SOLD WITH LOSSES, STUPID PEOPE. SOME MAY HAVE FORGOTTEN TO REMOVE THE STOP LOSS, STOP LOSS HUNGING TOO, THE SHORTS NEED THOSE RIDICULOUS SITUATIONS...!",risk_skepticism,,https://stocktwits.com/message/656838073,2026-06-18T14:17:30Z,SPCE
"LOL this guy thinks $ASTS has a contract for service . LOL $ASTS has no service to sell and won't have one. LOL Fact check how many shares 10% owner Rakuten has sold in 2026 alone. Kimi says Rakuten Shares owned: 15,510,078 Last filing date: 2026-05-05 Shares sold: 15,510,077 (from ~31,020,155 peak) Sale dates: 2026-04-14 through 2026-05-05 Sale breakdown: Apr 14: 1,690,000 @ $91.42 Apr 15: 1,350,000 @ $86.22 Apr 16: 1,900,000 @ $89.42 Apr 22: 5,060,000 @ undisclosed Apr 24: 5,060,000 @ undisclosed Apr 27: 400,000 @ $76.31 Apr 28: 430,000 @ $73.95 Apr 29: 70,500 @ $70.34 Apr 30: 1,800,000 @ $73.26 May 1: 870,000 @ $72.07 May 4: 970,000 @ $69.22 May 5: 969,577 @ $65.33 Grok and ChatGPT said it is right.",risk_skepticism,Borderline with evidence_analysis; labeled risk_skepticism because the main purpose is a downside warning.,https://stocktwits.com/message/656892261,2026-06-18T19:12:04Z,ASTS
@18KGold Literally have no clue what you just tried to say. I will make it clear.. ***$ASTS is a MEME stock it is worth nothing it will trend to $2 with in 2 years and then be a zombie stock for years before delisted with in 10 yrs.*** No carreir has any contract with $ASTS they got cheap shares for a loan. The US government gives worthless companies all the time. With New Glenn down for years $ASTS won't become profitable. They will be out of cash before they have a product that generates revenue. So they will have to dilute more. Then they have to pay off billions in debt which means more dilutions,risk_skepticism,Borderline with evidence_analysis; labeled risk_skepticism because the main purpose is a downside warning.,https://stocktwits.com/message/656858293,2026-06-18T15:53:09Z,ASTS
@SuperStoner there is no contract for service. There is no service. $T has 6 million shares at $5.75 if memory servese. $T made an agreement that if $ASTS gets service they will split revenue. The agreement expires in 2030 but can be canceled at any time with no cost to $T. $VZ has a similar agreement and also had millions of shares at $5.75. I am sure they sold or are currently selling.,risk_skepticism,Borderline with evidence_analysis; labeled risk_skepticism because the main purpose is a downside warning.,https://stocktwits.com/message/656890073,2026-06-18T18:58:01Z,T|ASTS|VZ
$ASTS this is a $20-$50 stock for right now. Your best bet is to short this down to those levels. Hold some but short the rest. The only way you should be buying a high risk stock like this is what the money you make from shorting it. We won’t see this at $150 or nothing close to it for the next 5-10 years.￼,risk_skepticism,,https://stocktwits.com/message/656861379,2026-06-18T16:09:19Z,ASTS
$LUNR bought in the $2’s sold high 30’s Now waiting to buy in the low teens. I never short stocks because it’s a mugs game but I can see LUNR bleeding a lot more before it finds a solid base. Blame $SPCX for taking all the investors 😂 but that will probably tank down to $100 😖,risk_skepticism,,https://stocktwits.com/message/656833346,2026-06-18T13:59:13Z,LUNR|SPCX
$ASTS People acting like the dump to $65 didn’t get followed by 100% move to ATHs in 2 weeks And current short interest higher than then What’s there to panic about? What are we in a hurry for? If you’re in a hurry you’re in the wrong stock,risk_skepticism,,https://stocktwits.com/message/656882715,2026-06-18T18:11:35Z,ASTS
They keep sharing the lies so Retail wil be the exit liquidity. I said short at $133 I said for weeks sell your $ASTS buy $ASTN or $MUU. For weeks I was right and they call me names. LOL Just block them and take their money!!!,risk_skepticism,,https://stocktwits.com/message/656886138,2026-06-18T18:33:56Z,ASTS|ASTN|MUU
"$AMD is showing some serious relative weakness compared to the rest of the semi space today. $SPCE is just hovering at all-time lows, bleeding retail accounts dry every single week. Swapping my speculative tech plays into cash until the next macro wave arrives. Bearish.",risk_skepticism,,https://stocktwits.com/message/656861327,2026-06-18T16:09:02Z,AMD|SPCE
$SPCX I bought at 170 sold at 194 and now I bout back in at 181 and will never sell. I cut losses on $SPCE The amount I made on Space X sale helped wash the losses for SPCE. Good LUck!!!!!!!!!!!,risk_skepticism,,https://stocktwits.com/message/656837681,2026-06-18T14:15:54Z,SPCX|SPCE
$RDW better than $LUNR scam Lawsuit will come soon 🔜..piece. S …,risk_skepticism,,https://stocktwits.com/message/656869062,2026-06-18T16:51:43Z,RDW|LUNR
"$ASTS The company just launched a batch of 3 of their much larger satellites successfully, and announced the next 3 are about to ship for launch a month after the last 3. This indicates the production issue and launch issue is mostly solved. Then they announced they want to hire 500 more employees. SpaceX is trading at a stupid valuation when their D2D tech is straight trash compared to AST's. T-Mobile is about to drop SpaceX and sign with AST. There has never been a safer time to buy then now.",risk_skepticism,Borderline with evidence_analysis; labeled risk_skepticism because the main purpose is a downside warning.,https://stocktwits.com/message/656845462,2026-06-18T14:50:31Z,ASTS
$LUNR 🤑 BUY EVERY DIP The stupid idiotic wannabe shorts ( the ones who don’t short at $45 and only did so like yesterday as stupidly as the clowns who chased this at $45 expecting it to go higher) Lesson to both sets of idiot traders: YOU BUY LOW ( and cover if short ) YOU SELL HIGH ( and THEN short ) Oh helllllllooooo! Dumbasses,risk_skepticism,,https://stocktwits.com/message/656804735,2026-06-18T10:02:44Z,LUNR
"$ASTS Obvious distribution is obvious. Volume on red days us huge. When it bounces back, the volume is small. The typical pumpers (anpanman, etc) are already talking about other stocks. Where do you think they are getting the funds? Yes, they are selling this shitco to keep grifting",risk_skepticism,,https://stocktwits.com/message/656922901,2026-06-19T00:07:40Z,ASTS
"$ASTS I waited this patiently but nothing is going in its wat, No point of waiting further. I did not expect this much bad performance.. Frustrated and thinking selling for losses. Money has been blocked in it while other AI stocks are moving up. Any suggestions.",risk_skepticism,,https://stocktwits.com/message/656898084,2026-06-18T19:47:48Z,ASTS
"$LUNR There is one potential catalyst that could bounce this hard: The closing of the ATM offering. However, it remains unclear how much they've been selling or if they plan to execute the entire offering even at these low prices.",risk_skepticism,,https://stocktwits.com/message/656898948,2026-06-18T19:51:57Z,LUNR
"$RKLB it wpuldnt go under 85. Different xompany than it was 4 months ago and a lot stronger now too. Though people may sell on fear, if spacex keeps dropping. Despite this company doing better than spacex revenue wise.",risk_skepticism,Borderline with evidence_analysis; labeled risk_skepticism because the main purpose is a downside warning.,https://stocktwits.com/message/656831863,2026-06-18T13:53:54Z,RKLB
"$LUNR TWELVE DAYS OF THIS. The management SUCKS. I'm sorry, but this is NOT normal dilution. I've never seen an offering take the stock down like this for this long. This company can F*ck off. Seriously.",risk_skepticism,,https://stocktwits.com/message/656825977,2026-06-18T13:34:56Z,LUNR
@SuperStoner i am going to block you because I am just repeating myself. PLEASE cry about it and buy more $ASTS never sell. Hold those shares until it is bankrupt and delisted. DCA all the way down.,risk_skepticism,Borderline with evidence_analysis; labeled risk_skepticism because the main purpose is a downside warning.,https://stocktwits.com/message/656893918,2026-06-18T19:23:16Z,ASTS
$LUNR you say that like all they do is put landers on the moon. Ever heard of KinetX or Lanteris? They’ve got a billion dollar backlog for satellites and other lunar infrastructure. FUD ALERT!!! 🚨 🚨🚨,risk_skepticism,Borderline with evidence_analysis; labeled risk_skepticism because the main purpose is a downside warning.,https://stocktwits.com/message/656793530,2026-06-18T02:27:39Z,LUNR
"$ASTS been here since it was 5$ sold and bought along the way. Remember earnings just 6!weeks ago brought this to 66, and then weeks later ATH. Today is just trash. It happens",risk_skepticism,,https://stocktwits.com/message/656878448,2026-06-18T17:44:32Z,ASTS
$ADTX More crazy shenanigan's today. The MOST Vicious naked shorting I have seen in years. 50% Dark Pool Off Exchange Short Interest 850k shares available to short 85% CTB $BYND $AMC $GME $SPCE,risk_skepticism,,https://stocktwits.com/message/656788602,2026-06-18T00:55:50Z,ADTX|BYND|AMC|GME|SPCE
"$ASTS ""You gon' loose all your gains, haha you dumb fuk"" Where are you all retards today? Market ripping and this shit continues to dump. Scam pos",risk_skepticism,,https://stocktwits.com/message/656869833,2026-06-18T16:55:51Z,ASTS
"$SPCE On behalf of the bears, the shorts, and put holders of the world - after cashing out half of my positions - thank you all for your money.",risk_skepticism,,https://stocktwits.com/message/656832114,2026-06-18T13:54:48Z,SPCE
$VOD $T $VZ Rakuten have millions of shares in $ASTS they likely sold shares since the explosion. You are exit liquidity. LOL,risk_skepticism,,https://stocktwits.com/message/656891101,2026-06-18T19:04:14Z,VOD|T|VZ|ASTS
$LUNR 🤣 what a fukn clown. But what I'm asking is average down or should i just sell and take that loss?,risk_skepticism,,https://stocktwits.com/message/656766281,2026-06-17T20:25:13Z,LUNR
$SPCE All of my puts are still green or ITM. Just need this shit show to drop a little bit more.,risk_skepticism,,https://stocktwits.com/message/656807808,2026-06-18T11:11:07Z,SPCE
$ASTS Easiest short in my life. Losing money every single quarter and bunches of delusions screaming for a squeeze.,risk_skepticism,,https://stocktwits.com/message/656964319,2026-06-20T05:41:14Z,ASTS
$ASTS What’s happening to SpaceX was always so predictable. Retail used for exit liquidity and now bagholders,risk_skepticism,,https://stocktwits.com/message/656864853,2026-06-18T16:28:31Z,ASTS
"$LUNR the consistent drop at open everyday has to be the offering being executed, when it's done 📈",risk_skepticism,,https://stocktwits.com/message/656890059,2026-06-18T18:57:56Z,LUNR
@Portolock did you sell at 133 when I first started to short $ASTS with $ASTN?,risk_skepticism,,https://stocktwits.com/message/656857261,2026-06-18T15:47:56Z,ASTS|ASTN
$ASTS not sure if to sell and put it all in $RKLB instead 🤔,risk_skepticism,,https://stocktwits.com/message/656834187,2026-06-18T14:02:06Z,ASTS|RKLB
$SPCE $SPCE dowwwwwwnnn and Tomorrow bis red day… enjoy the Branson Scam,risk_skepticism,,https://stocktwits.com/message/656751210,2026-06-17T19:10:40Z,SPCE
"$LUNR your going see a lawsuit over this , mark this post !",risk_skepticism,,https://stocktwits.com/message/656834468,2026-06-18T14:03:13Z,LUNR
$LUNR death spiral from too much dilution,risk_skepticism,,https://stocktwits.com/message/656868986,2026-06-18T16:51:17Z,LUNR
